[
  {
    "id": "1",
    "name": "Хот-дог Датский",
    "composition": "(булочка бриошь, куриная сосиска, соленый огурец, красный лук, сырный соус, кетчуп, горчица, лук фри)",
    "type": "eat"
  },
  {
    "id": "2",
    "name": "Хот-дог Французский",
    "composition": "(булочка бриошь, куриная сосиска, сырный соус, кетчуп, горчица)",
    "type": "eat"
  },
  {
    "id": "3",
    "name": "Бургеры BBQ/Спайси",
    "composition": "(булочка бриошь, говяжья котлета, сыр чеддер, лист салата, помидор, соленый огурец, красный лук, сырный соус, кетчуп, соус BBQ, халапеньо, лук фри)",
    "type": "eat"
  },
  {
    "id": "4",
    "name": "Бургер Брусничный",
    "composition": "(булочка бриошь, говяжья котлета, сыр чеддер, лист салата, помидор, соленый огурец, красный лук, сырный соус, брусничный соус, лук фри)",
    "type": "eat"
  },
  {
    "id": "5",
    "name": "Полевое меню Стандарт",
    "composition": "(гречка с тушенкой 250г, хлеб 50г, чай черный с лимоном 250мл)",
    "type": "eat"
  },
  {
    "id": "6",
    "name": "Такос",
    "composition": "(кукурузная лепешка, говядина, помидоры, красный лук, авокадо, гуакамоле, салат, зелень)",
    "type": "eat"
  },
  {
    "id": "7",
    "name": "Шаурма",
    "composition": "(лаваш, курица, помидоры, салат, лук, морковь, йогуртовый соус)",
    "type": "eat"
  },
  {
    "id": "8",
    "name": "Кесадилья",
    "composition": "(тортилья, сыр моцарелла, курица, болгарский перец, кукуруза, фасоль, лук, помидоры, специи)",
    "type": "eat"
  },
  {
    "id": "9",
    "name": "Кофейное меню",
    "composition": "(эспрессо, американо, капучино, латте, какао, чай)",
    "type": "drink"
  },
  {
    "id": "10",
    "name": "Стойка кофейная",
    "composition": "(2000 х 800 х 900мм ДхШхВ)",
    "type": "organisation"
  },
  {
    "id": "11",
    "name": "Станция с хот-догами",
    "composition": "(2000 х 800 х 900мм ДхШхВ)",
    "type": "organisation"
  },
  {
    "id": "12",
    "name": "Станция с бургерами",
    "composition": "(2000 х 800 х 900мм ДхШхВ)",
    "type": "organisation"
  },
  {
    "id": "13",
    "name": "Фудтрак желтый",
    "composition": "(5000 х 2400 х 3200мм ДхШхВ)",
    "type": "organisation"
  },
  {
    "id": "14",
    "name": "Фудтрак черный",
    "composition": "(6000 х 2400 х 3200мм ДхШхВ)",
    "type": "organisation"
  },
  {
    "id": "15",
    "name": "Фудтрак красный",
    "composition": "(6000 х 2400 х 3200мм ДхШхВ)",
    "type": "organisation"
  },
  {
    "id": "16",
    "name": "Фудтрак",
    "composition": "(черный/красный 6м)",
    "type": "organisation"
  },
  {
    "id": "17",
    "name": "Лапша WOK",
    "composition": "(с овощами, курицей, морепродуктами)",
    "type": "eat"
  },
  {
    "id": "18",
    "name": "Паста",
    "composition": "(сливочная курочка, вяленые томаты, бекон с трюфельным маслом)",
    "type": "eat"
  }
]